id;nom;prenom;email;pays;universite
1;Movies;alarm Belarussian;Hugues.Aubry@hotmail.fr;Île-de-France;Provence-Alpes-Côte methodologies
2;optical;Focused;Jonathan.Jacquet@hotmail.fr;conglomeration Mouse copying;Sainte-Lucie Jamaïque navigate
3;Stand-alone Steel;silver Saint-Jacques Account;Joachim.Pons28@yahoo.fr;b des connecting;Krone Self-enabling
4;Tools EXE Computer;lime olive;Claudien.Muller@yahoo.fr;calculate;ADP Developpeur
5;Health navigate Toys;enterprise;Perceval_Prevost68@gmail.com;loyalty b;b Salad
6;Loan Île-de-France;Industrial c;Charles.Leroux@hotmail.fr;Handmade overriding;Plastic oriental
7;Proactive Bulgarie;complexity Tools copying;Alix.Paris@yahoo.fr;Designer;extensible b fresh-thinking
8;Soft;online connect;Lucien.Fernandez81@gmail.com;Mauritanie;red Cambridgeshire Investment
9;Soft hacking;Movies application Managed;Hardouin.Denis81@yahoo.fr;Nord-Pas-de-Calais;Namibia blue black
10;salmon;Re-engineered Implemented;Angeline_Joly@gmail.com;COM;Reduced Timor
