id;nom;ville;universite;addresse
1;support purple neural;edge Health Nam;partnerships orchestrate input;b
2;c a Borders;relationships;teal Manager Kirghizistan;Bedfordshire haptic
3;even-keeled IB;IB;virtual Car payment;Chips
4;1080p Streamlined;calculating;compress Account sexy;protocol sensor
5;Pound 9(E.U.A.-9);deposit Grocery;Haute-Normandie;optical Berkshire
6;intuitive ability;integrate;Technicien extensible;integrated b holistic
7;didactic Afghani;infomediaries;demand-driven clicks-and-mortar;Account
8;bandwidth Frozen clear-thinking;Botswana Books Franche-Comt√©;a strategy Savings;a compress Electronics
9;withdrawal b Brunei;index Consultant;content application;solutions
10;JSON enterprise;Table Business-focused;la Keyboard enhance;cyan
