id;cin;date_naissance;lieu_naissance;nationalite;adresse;numero_telephone;genre;nom_arabe;prnom_arabe
1;Optimized Bretagne reboot;2022-03-16T03:22:07;Loan Tasty;Égypte;Triple-buffered;18493;vertical b;a;Loan
2;array port;2022-03-15T13:36:41;Berkshire methodical system;c Tools;Agent payment magenta;21572;Handcrafted;navigate Lettonie Riel;back-end a magnetic
3;cross-platform;2022-03-16T05:45:57;Auto XSS Keyboard;Steel Toys Handmade;Table;80729;scale;architect;Soft
4;Pizza;2022-03-16T03:50:11;copying withdrawal;a;Cheese Portugal;67930;IB b;Account array;PCI infrastructure Cape
5;capacitor backing Champagne-Ardenne;2022-03-15T17:17:47;optimize Account management;6th Caribbean c;bypassing turn-key;61666;programming hybrid;Architecte THX SDD;b
6;Account web-readiness;2022-03-15T22:09:44;Fantastic;Borders Rhône-Alpes Practical;Adaptive;9788;platforms help-desk;proactive connecting Tasty;cohesive program applications
7;Music feed synthesizing;2022-03-16T08:13:56;Sleek Stagiaire Awesome;generate;applications whiteboard Towels;7153;deposit;Phased interface silver;success
8;b synthesizing;2022-03-15T16:19:39;c orange;Administrateur;digital invoice;52245;solution-oriented;Account de Ball;synergies
9;payment;2022-03-15T17:47:03;USB;framework e-services b;synthesizing des;33477;Bahamas 24/7 Pa'anga;Bacon Cotton;engineer input GB
10;platforms;2022-03-15T18:50:27;Consultant multi-byte tan;Ouguiya hack;Money PCI;49356;Harpe COM non-volatile;Grèce Brésil web-enabled;Refined
