id;specialite;type;date_obtention;note_1;scanne_note_1;scanne_note_1_content_type;note_2;scanne_note_2;scanne_note_2_content_type;note_3;scanne_note_3;scanne_note_3_content_type;note_4;scanne_note_4;scanne_note_4_content_type;note_5;scanne_note_5;scanne_note_5_content_type;scanne_diplome;scanne_diplome_content_type;mention
1;panel Manager;Cambridgeshire tangible ROI;a navigating;73024;../fake-data/blob/hipster.png;image/png;28041;../fake-data/blob/hipster.png;image/png;60299;../fake-data/blob/hipster.png;image/png;97570;../fake-data/blob/hipster.png;image/png;41021;../fake-data/blob/hipster.png;image/png;../fake-data/blob/hipster.png;image/png;knowledge granular
2;proactive magnetic;orange;Wooden Loan Loan;3859;../fake-data/blob/hipster.png;image/png;27697;../fake-data/blob/hipster.png;image/png;96022;../fake-data/blob/hipster.png;image/png;2479;../fake-data/blob/hipster.png;image/png;84471;../fake-data/blob/hipster.png;image/png;../fake-data/blob/hipster.png;image/png;multi-byte
3;Shirt purple;Dollar Car;AI Assistant;3705;../fake-data/blob/hipster.png;image/png;29112;../fake-data/blob/hipster.png;image/png;62668;../fake-data/blob/hipster.png;image/png;64885;../fake-data/blob/hipster.png;image/png;32747;../fake-data/blob/hipster.png;image/png;../fake-data/blob/hipster.png;image/png;robust
4;grey Cheese contingency;Pants c granular;Tools de Concrete;84737;../fake-data/blob/hipster.png;image/png;18775;../fake-data/blob/hipster.png;image/png;27132;../fake-data/blob/hipster.png;image/png;83276;../fake-data/blob/hipster.png;image/png;20269;../fake-data/blob/hipster.png;image/png;../fake-data/blob/hipster.png;image/png;Home interactive Stagiaire
5;Frozen;benchmark Concrete c;PCI;86817;../fake-data/blob/hipster.png;image/png;8837;../fake-data/blob/hipster.png;image/png;96397;../fake-data/blob/hipster.png;image/png;67407;../fake-data/blob/hipster.png;image/png;95935;../fake-data/blob/hipster.png;image/png;../fake-data/blob/hipster.png;image/png;Baby
6;SQL Beauty redundant;transmitter de Auvergne;tolerance Beauty;80618;../fake-data/blob/hipster.png;image/png;76077;../fake-data/blob/hipster.png;image/png;19155;../fake-data/blob/hipster.png;image/png;90681;../fake-data/blob/hipster.png;image/png;54348;../fake-data/blob/hipster.png;image/png;../fake-data/blob/hipster.png;image/png;Right-sized transition
7;superstructure Birmanie plug-and-play;Fresh Liban;Profound target Intelligent;28840;../fake-data/blob/hipster.png;image/png;75105;../fake-data/blob/hipster.png;image/png;5705;../fake-data/blob/hipster.png;image/png;2193;../fake-data/blob/hipster.png;image/png;33129;../fake-data/blob/hipster.png;image/png;../fake-data/blob/hipster.png;image/png;redefine sensor interactive
8;Health wireless Programmable;a;SQL optical;90044;../fake-data/blob/hipster.png;image/png;80576;../fake-data/blob/hipster.png;image/png;12965;../fake-data/blob/hipster.png;image/png;43586;../fake-data/blob/hipster.png;image/png;78225;../fake-data/blob/hipster.png;image/png;../fake-data/blob/hipster.png;image/png;b Gloves Granite
9;a;Keyboard discrete bandwidth-monitored;olive;95262;../fake-data/blob/hipster.png;image/png;63351;../fake-data/blob/hipster.png;image/png;7455;../fake-data/blob/hipster.png;image/png;10699;../fake-data/blob/hipster.png;image/png;46374;../fake-data/blob/hipster.png;image/png;../fake-data/blob/hipster.png;image/png;redundant
10;Handmade;Checking transmitting Royale;NÃ©pal payment Borders;95896;../fake-data/blob/hipster.png;image/png;80186;../fake-data/blob/hipster.png;image/png;55650;../fake-data/blob/hipster.png;image/png;97056;../fake-data/blob/hipster.png;image/png;68621;../fake-data/blob/hipster.png;image/png;../fake-data/blob/hipster.png;image/png;d'Abbeville exuding
