id;duree;attestation;attestation_content_type;date;titre
1;43366;../fake-data/blob/hipster.png;image/png;2022-03-15;Krone d'Assas Multi-lateral
2;84641;../fake-data/blob/hipster.png;image/png;2022-03-16;visualize panel c
3;97605;../fake-data/blob/hipster.png;image/png;2022-03-16;Sausages Auvergne Incredible
4;68741;../fake-data/blob/hipster.png;image/png;2022-03-16;USB
5;9473;../fake-data/blob/hipster.png;image/png;2022-03-15;Frozen Nord-Pas-de-Calais Mouse
6;37162;../fake-data/blob/hipster.png;image/png;2022-03-15;maroon
7;67809;../fake-data/blob/hipster.png;image/png;2022-03-16;paradigms extend Fresh
8;62548;../fake-data/blob/hipster.png;image/png;2022-03-15;b
9;21256;../fake-data/blob/hipster.png;image/png;2022-03-15;Cotton Cotton
10;1160;../fake-data/blob/hipster.png;image/png;2022-03-15;emulation primary Avon
