id;formulaire_reinscription;formulaire_reinscription_content_type;demande;demande_content_type;annee
1;../fake-data/blob/hipster.png;image/png;../fake-data/blob/hipster.png;image/png;81421
2;../fake-data/blob/hipster.png;image/png;../fake-data/blob/hipster.png;image/png;59949
3;../fake-data/blob/hipster.png;image/png;../fake-data/blob/hipster.png;image/png;35027
4;../fake-data/blob/hipster.png;image/png;../fake-data/blob/hipster.png;image/png;24558
5;../fake-data/blob/hipster.png;image/png;../fake-data/blob/hipster.png;image/png;50270
6;../fake-data/blob/hipster.png;image/png;../fake-data/blob/hipster.png;image/png;19786
7;../fake-data/blob/hipster.png;image/png;../fake-data/blob/hipster.png;image/png;49907
8;../fake-data/blob/hipster.png;image/png;../fake-data/blob/hipster.png;image/png;99984
9;../fake-data/blob/hipster.png;image/png;../fake-data/blob/hipster.png;image/png;68003
10;../fake-data/blob/hipster.png;image/png;../fake-data/blob/hipster.png;image/png;646
